Country,Days
Hungary,622.3648978446865
Austria,470.07391662155237
